Time,Symbol,Price,Quantity,Type,Status,Value,Tag
2024-01-02T15:00:00Z,GE,101.37820880264,87,Market,Filled,8819.9041658293,"" 
2024-01-02T16:00:00Z,GE,100.50801094206,1,Market,Filled,100.50801094206,"" 
2024-01-02T17:00:00Z,GE,98.956321404254,-1,Market,Filled,-98.956321404254,"" 
2024-01-02T19:00:00Z,GE,100.54025219952,1,Market,Filled,100.54025219952,"" 
2024-01-03T15:00:00Z,GE,99.621850498132,1,Market,Filled,99.621850498132,"" 
2024-01-04T15:00:00Z,GE,98.06431328128,-1,Market,Filled,-98.06431328128,"" 
2024-01-08T18:00:00Z,GE,99.057786538016,-1,Market,Filled,-99.057786538016,"" 
2024-01-09T15:00:00Z,GE,100.27821295999,-1,Market,Filled,-100.27821295999,"" 
2024-01-10T18:00:00Z,GE,101.55316503795,-1,Market,Filled,-101.55316503795,"" 
2024-01-10T19:00:00Z,GE,103.34168557722,1,Market,Filled,103.34168557722,"" 
2024-01-10T20:00:00Z,GE,101.81172727913,-1,Market,Filled,-101.81172727913,"" 
2024-01-11T15:00:00Z,GE,103.03792235746,1,Market,Filled,103.03792235746,"" 
2024-01-11T20:00:00Z,GE,101.35770241462,-1,Market,Filled,-101.35770241462,"" 
2024-01-12T18:00:00Z,GE,103.38941528189,1,Market,Filled,103.38941528189,"" 
2024-01-12T19:00:00Z,GE,101.42032789632,-1,Market,Filled,-101.42032789632,"" 
2024-01-12T20:00:00Z,GE,103.3496668689,1,Market,Filled,103.3496668689,"" 
2024-01-16T18:00:00Z,GE,102.03283276531,1,Market,Filled,102.03283276531,"" 
2024-01-17T15:00:00Z,GE,100.2937014072,-1,Market,Filled,-100.2937014072,"" 
2024-01-17T17:00:00Z,GE,101.92093663649,1,Market,Filled,101.92093663649,"" 
2024-01-18T20:00:00Z,GE,100.27054775907,-1,Market,Filled,-100.27054775907,"" 
2024-01-19T20:00:00Z,GE,101.63171359166,-1,Market,Filled,-101.63171359166,"" 
2024-01-22T15:00:00Z,GE,102.82084702845,-1,Market,Filled,-102.82084702845,"" 
2024-01-23T15:00:00Z,GE,102.91867711848,2,Market,Filled,205.83735423696,"" 
2024-01-23T16:00:00Z,GE,101.56849543978,-1,Market,Filled,-101.56849543978,"" 
2024-01-23T17:00:00Z,GE,103.2220452248,1,Market,Filled,103.2220452248,"" 
2024-01-23T18:00:00Z,GE,102.32015926559,-1,Market,Filled,-102.32015926559,"" 
2024-01-24T15:00:00Z,GE,101.38603204893,2,Market,Filled,202.77206409786,"" 
2024-01-24T16:00:00Z,GE,100.95883538763,-1,Market,Filled,-100.95883538763,"" 
2024-01-25T15:00:00Z,GE,103.01603307237,-2,Market,Filled,-206.03206614474,"" 
2024-01-25T17:00:00Z,GE,104.14779603634,1,Market,Filled,104.14779603634,"" 
2024-01-26T15:00:00Z,GE,102.75027976642,-1,Market,Filled,-102.75027976642,"" 
2024-01-29T15:00:00Z,GE,104.41923897596,1,Market,Filled,104.41923897596,"" 
2024-01-30T15:00:00Z,GE,103.29016278344,-1,Market,Filled,-103.29016278344,"" 
2024-01-30T16:00:00Z,GE,103.99425494997,-1,Market,Filled,-103.99425494997,"" 
2024-01-31T20:00:00Z,GE,106.02316251175,1,Market,Filled,106.02316251175,"" 
2024-02-01T16:00:00Z,GE,104.48719848922,-1,Market,Filled,-104.48719848922,"" 
2024-02-01T18:00:00Z,GE,105.54357380708,-1,Market,Filled,-105.54357380708,"" 
2024-02-02T15:00:00Z,GE,106.93551897736,-1,Market,Filled,-106.93551897736,"" 
2024-02-07T16:00:00Z,GE,108.17969171763,-1,Market,Filled,-108.17969171763,"" 
2024-02-07T17:00:00Z,GE,110.24558189825,1,Market,Filled,110.24558189825,"" 
2024-02-07T18:00:00Z,GE,108.28147294215,-1,Market,Filled,-108.28147294215,"" 
2024-02-07T19:00:00Z,GE,110.34127837566,1,Market,Filled,110.34127837566,"" 
2024-02-07T20:00:00Z,GE,108.28147294215,-1,Market,Filled,-108.28147294215,"" 
2024-02-12T17:00:00Z,GE,109.90096394784,-1,Market,Filled,-109.90096394784,"" 
2024-02-12T20:00:00Z,GE,111.78565510065,1,Market,Filled,111.78565510065,"" 
2024-02-13T17:00:00Z,GE,109.73659675296,-1,Market,Filled,-109.73659675296,"" 
2024-02-14T15:00:00Z,GE,112.42771445565,-1,Market,Filled,-112.42771445565,"" 
2024-02-14T16:00:00Z,GE,113.26456474111,-1,Market,Filled,-113.26456474111,"" 
2024-02-14T20:00:00Z,GE,114.80609986327,-1,Market,Filled,-114.80609986327,"" 
2024-02-15T16:00:00Z,GE,116.01060321323,-1,Market,Filled,-116.01060321323,"" 
2024-02-15T18:00:00Z,GE,118.24267811061,1,Market,Filled,118.24267811061,"" 
2024-02-15T19:00:00Z,GE,116.07334722897,-1,Market,Filled,-116.07334722897,"" 
2024-02-21T17:00:00Z,GE,118.24283615599,1,Market,Filled,118.24283615599,"" 
2024-02-21T18:00:00Z,GE,116.07318918359,-1,Market,Filled,-116.07318918359,"" 
2024-02-21T19:00:00Z,GE,118.27476132268,1,Market,Filled,118.27476132268,"" 
2024-02-22T15:00:00Z,GE,118.18546568316,-2,Market,Filled,-236.37093136632,"" 
2024-02-23T15:00:00Z,GE,119.94593316753,-1,Market,Filled,-119.94593316753,"" 
2024-02-28T15:00:00Z,GE,121.90940994212,-1,Market,Filled,-121.90940994212,"" 
2024-02-28T16:00:00Z,GE,123.5741809491,1,Market,Filled,123.5741809491,"" 
2024-02-28T17:00:00Z,GE,121.41694053901,-1,Market,Filled,-121.41694053901,"" 
2024-02-28T18:00:00Z,GE,123.59812482412,1,Market,Filled,123.59812482412,"" 
2024-02-28T19:00:00Z,GE,121.45581970241,-1,Market,Filled,-121.45581970241,"" 
2024-03-01T15:00:00Z,GE,123.66964035843,-1,Market,Filled,-123.66964035843,"" 
2024-03-04T15:00:00Z,GE,126.34519059121,-1,Market,Filled,-126.34519059121,"" 
2024-03-05T18:00:00Z,GE,127.40535899818,1,Market,Filled,127.40535899818,"" 
2024-03-05T20:00:00Z,GE,125.42584061755,1,Market,Filled,125.42584061755,"" 
2024-03-06T15:00:00Z,GE,124.61601609202,-1,Market,Filled,-124.61601609202,"" 
2024-03-06T16:00:00Z,GE,125.38293129697,-1,Market,Filled,-125.38293129697,"" 
2024-03-06T20:00:00Z,GE,127.11795347521,1,Market,Filled,127.11795347521,"" 
2024-03-07T15:00:00Z,GE,127.55012856598,-2,Market,Filled,-255.10025713195,"" 
2024-03-08T15:00:00Z,GE,136.62469915437,-4,Market,Filled,-546.49879661748,"" 
2024-03-08T16:00:00Z,GE,136.91076129161,1,Market,Filled,136.91076129161,"" 
2024-03-08T18:00:00Z,GE,135.53023490001,1,Market,Filled,135.53023490001,"" 
2024-03-11T14:00:00Z,GE,131.5393124834,1,Market,Filled,131.5393124834,"" 
2024-03-13T14:00:00Z,GE,130.92953389721,-1,Market,Filled,-130.92953389721,"" 
2024-03-13T17:00:00Z,GE,133.28409396385,-1,Market,Filled,-133.28409396385,"" 
2024-03-14T14:00:00Z,GE,134.00565014482,1,Market,Filled,134.00565014482,"" 
2024-03-14T18:00:00Z,GE,132.9124502535,1,Market,Filled,132.9124502535,"" 
2024-03-15T15:00:00Z,GE,132.32207173767,-1,Market,Filled,-132.32207173767,"" 
2024-03-15T19:00:00Z,GE,133.12794512871,-1,Market,Filled,-133.12794512871,"" 
2024-03-18T14:00:00Z,GE,134.85079781272,1,Market,Filled,134.85079781272,"" 
2024-03-18T15:00:00Z,GE,133.37054478654,-1,Market,Filled,-133.37054478654,"" 
2024-03-18T17:00:00Z,GE,135.61004781675,1,Market,Filled,135.61004781675,"" 
2024-03-18T18:00:00Z,GE,133.10455441252,-1,Market,Filled,-133.10455441252,"" 
2024-03-18T19:00:00Z,GE,135.5622390894,1,Market,Filled,135.5622390894,"" 
2024-03-19T15:00:00Z,GE,133.9412466526,-1,Market,Filled,-133.9412466526,"" 
2024-03-19T17:00:00Z,GE,135.86639742261,-1,Market,Filled,-135.86639742261,"" 
2024-03-19T19:00:00Z,GE,137.80482400452,1,Market,Filled,137.80482400452,"" 
2024-03-20T14:00:00Z,GE,135.8501187485,-1,Market,Filled,-135.8501187485,"" 
2024-03-20T18:00:00Z,GE,137.38173652309,1,Market,Filled,137.38173652309,"" 
2024-03-20T19:00:00Z,GE,135.73371832636,-1,Market,Filled,-135.73371832636,"" 
2024-03-21T15:00:00Z,GE,138.00980886198,-1,Market,Filled,-138.00980886198,"" 
2024-03-21T17:00:00Z,GE,140.23113667353,1,Market,Filled,140.23113667353,"" 
2024-03-21T18:00:00Z,GE,137.62646979354,-1,Market,Filled,-137.62646979354,"" 
2024-03-22T17:00:00Z,GE,140.34271671159,1,Market,Filled,140.34271671159,"" 
2024-03-22T18:00:00Z,GE,137.8688323833,-1,Market,Filled,-137.8688323833,"" 
2024-03-25T14:00:00Z,GE,139.64818629054,1,Market,Filled,139.64818629054,"" 
2024-03-27T14:00:00Z,GE,138.40081313133,-1,Market,Filled,-138.40081313133,"" 
2024-03-27T16:00:00Z,GE,140.18443426383,-1,Market,Filled,-140.18443426383,"" 
2024-03-27T18:00:00Z,GE,142.5060418688,1,Market,Filled,142.5060418688,"" 
2024-03-28T15:00:00Z,GE,139.77628207078,1,Market,Filled,139.77628207078,"" 
2024-04-02T15:00:00Z,GE,138.52922060381,-1,Market,Filled,-138.52922060381,"" 
2024-04-02T19:00:00Z,GE,139.80765832826,1,Market,Filled,139.80765832826,"" 
2024-04-03T14:00:00Z,GE,140.6464675435,-2,Market,Filled,-281.292935087,"" 
2024-04-03T17:00:00Z,GE,143.50880559394,-1,Market,Filled,-143.50880559394,"" 
2024-04-04T14:00:00Z,GE,146.35153858924,-1,Market,Filled,-146.35153858924,"" 
2024-04-04T16:00:00Z,GE,148.53760125278,-1,Market,Filled,-148.53760125278,"" 
2024-04-04T18:00:00Z,GE,150.24829083689,1,Market,Filled,150.24829083689,"" 
2024-04-05T14:00:00Z,GE,150.15447371696,-2,Market,Filled,-300.30894743393,"" 
2024-04-08T15:00:00Z,GE,153.36044481722,-1,Market,Filled,-153.36044481722,"" 
2024-04-08T16:00:00Z,GE,155.94880717285,1,Market,Filled,155.94880717285,"" 
2024-04-08T17:00:00Z,GE,152.9976522817,-1,Market,Filled,-152.9976522817,"" 
2024-04-08T18:00:00Z,GE,155.77859964868,1,Market,Filled,155.77859964868,"" 
2024-04-08T19:00:00Z,GE,153.08617207612,-1,Market,Filled,-153.08617207612,"" 
2024-04-09T14:00:00Z,GE,154.2086109906,1,Market,Filled,154.2086109906,"" 
2024-04-09T15:00:00Z,GE,151.93838521156,1,Market,Filled,151.93838521156,"" 
2024-04-09T16:00:00Z,GE,150.98828265299,-1,Market,Filled,-150.98828265299,"" 
2024-04-09T17:00:00Z,GE,152.63852331709,1,Market,Filled,152.63852331709,"" 
2024-04-09T19:00:00Z,GE,150.24324104996,-1,Market,Filled,-150.24324104996,"" 
2024-04-10T15:00:00Z,GE,153.06646800555,-1,Market,Filled,-153.06646800555,"" 
2024-04-11T15:00:00Z,GE,155.71839826724,1,Market,Filled,155.71839826724,"" 
2024-04-11T16:00:00Z,GE,153.35024622793,-1,Market,Filled,-153.35024622793,"" 
2024-04-12T15:00:00Z,GE,154.54235069983,1,Market,Filled,154.54235069983,"" 
2024-04-15T14:00:00Z,GE,154.13358223986,-1,Market,Filled,-154.13358223986,"" 
2024-04-15T15:00:00Z,GE,155.40452382627,1,Market,Filled,155.40452382627,"" 
2024-04-16T17:00:00Z,GE,152.85708592553,-1,Market,Filled,-152.85708592553,"" 
2024-04-16T18:00:00Z,GE,155.93534751313,1,Market,Filled,155.93534751313,"" 
2024-04-16T19:00:00Z,GE,154.10471749299,-1,Market,Filled,-154.10471749299,"" 
2024-04-17T16:00:00Z,GE,155.41454217484,1,Market,Filled,155.41454217484,"" 
2024-04-18T14:00:00Z,GE,154.26114259888,-1,Market,Filled,-154.26114259888,"" 
2024-04-18T18:00:00Z,GE,154.61297509767,1,Market,Filled,154.61297509767,"" 
2024-04-19T15:00:00Z,GE,151.13670733545,1,Market,Filled,151.13670733545,"" 
2024-04-19T16:00:00Z,GE,149.63355828367,1,Market,Filled,149.63355828367,"" 
2024-04-22T17:00:00Z,GE,147.70195124528,-1,Market,Filled,-147.70195124528,"" 
2024-04-23T14:00:00Z,GE,153.27889807695,-2,Market,Filled,-306.55779615391,"" 
2024-04-23T15:00:00Z,GE,156.32363291389,-1,Market,Filled,-156.32363291389,"" 
2024-04-24T14:00:00Z,GE,156.27597136451,1,Market,Filled,156.27597136451,"" 
2024-04-24T18:00:00Z,GE,156.64789015622,-1,Market,Filled,-156.64789015622,"" 
2024-04-26T14:00:00Z,GE,159.44638192063,-1,Market,Filled,-159.44638192063,"" 
2024-04-26T15:00:00Z,GE,161.6058815911,1,Market,Filled,161.6058815911,"" 
2024-04-26T17:00:00Z,GE,159.15208053244,-1,Market,Filled,-159.15208053244,"" 
2024-04-29T15:00:00Z,GE,162.87404581355,-1,Market,Filled,-162.87404581355,"" 
2024-04-29T16:00:00Z,GE,164.53114018197,1,Market,Filled,164.53114018197,"" 
2024-04-30T14:00:00Z,GE,162.68716889567,-1,Market,Filled,-162.68716889567,"" 
2024-04-30T15:00:00Z,GE,164.93187412477,1,Market,Filled,164.93187412477,"" 
2024-05-01T14:00:00Z,GE,160.94476977705,1,Market,Filled,160.94476977705,"" 
2024-05-01T19:00:00Z,GE,158.7987601601,-1,Market,Filled,-158.7987601601,"" 
2024-05-02T14:00:00Z,GE,161.00507825161,1,Market,Filled,161.00507825161,"" 
2024-05-02T16:00:00Z,GE,158.8969598144,-1,Market,Filled,-158.8969598144,"" 
2024-05-02T17:00:00Z,GE,161.86596188764,1,Market,Filled,161.86596188764,"" 
2024-05-02T18:00:00Z,GE,159.06399841828,-1,Market,Filled,-159.06399841828,"" 
2024-05-06T14:00:00Z,GE,163.61996641995,-1,Market,Filled,-163.61996641995,"" 
2024-05-07T15:00:00Z,GE,166.07485858588,-1,Market,Filled,-166.07485858588,"" 
2024-05-09T16:00:00Z,GE,167.89730530149,1,Market,Filled,167.89730530149,"" 
2024-05-10T16:00:00Z,GE,163.92984088463,1,Market,Filled,163.92984088463,"" 
2024-05-13T14:00:00Z,GE,161.24422912688,1,Market,Filled,161.24422912688,"" 
2024-05-15T19:00:00Z,GE,159.51522087021,-1,Market,Filled,-159.51522087021,"" 
2024-05-17T15:00:00Z,GE,160.76429071544,1,Market,Filled,160.76429071544,"" 
2024-05-23T14:00:00Z,GE,159.1608093906,-1,Market,Filled,-159.1608093906,"" 
2024-05-23T17:00:00Z,GE,162.05859191658,-1,Market,Filled,-162.05859191658,"" 
2024-05-23T18:00:00Z,GE,164.63112528453,1,Market,Filled,164.63112528453,"" 
2024-05-24T14:00:00Z,GE,161.84225510241,-1,Market,Filled,-161.84225510241,"" 
2024-05-24T16:00:00Z,GE,165.56431957509,-1,Market,Filled,-165.56431957509,"" 
2024-05-28T14:00:00Z,GE,165.9534481042,1,Market,Filled,165.9534481042,"" 
2024-05-30T14:00:00Z,GE,164.67000837997,1,Market,Filled,164.67000837997,"" 
2024-05-30T18:00:00Z,GE,161.81324156818,-1,Market,Filled,-161.81324156818,"" 
2024-05-30T19:00:00Z,GE,164.9218557762,1,Market,Filled,164.9218557762,"" 
2024-05-31T15:00:00Z,GE,161.28509605372,1,Market,Filled,161.28509605372,"" 
2024-05-31T16:00:00Z,GE,159.3482814579,-1,Market,Filled,-159.3482814579,"" 
2024-06-03T15:00:00Z,GE,161.55588903982,1,Market,Filled,161.55588903982,"" 
2024-06-05T17:00:00Z,GE,158.70998370495,-1,Market,Filled,-158.70998370495,"" 
2024-06-05T18:00:00Z,GE,161.59566485939,1,Market,Filled,161.59566485939,"" 
2024-06-05T19:00:00Z,GE,159.65289876937,-1,Market,Filled,-159.65289876937,"" 
2024-06-06T14:00:00Z,GE,161.80565341308,1,Market,Filled,161.80565341308,"" 
2024-06-07T14:00:00Z,GE,160.11364361202,-1,Market,Filled,-160.11364361202,"" 
2024-06-11T14:00:00Z,GE,161.24492346787,1,Market,Filled,161.24492346787,"" 
2024-06-11T15:00:00Z,GE,158.90668058826,-1,Market,Filled,-158.90668058826,"" 
2024-06-11T16:00:00Z,GE,161.22488677073,1,Market,Filled,161.22488677073,"" 
2024-06-12T15:00:00Z,GE,158.61188324222,-1,Market,Filled,-158.61188324222,"" 
2024-06-12T16:00:00Z,GE,161.35512530214,1,Market,Filled,161.35512530214,"" 
2024-06-12T17:00:00Z,GE,158.57240499736,-1,Market,Filled,-158.57240499736,"" 
2024-06-12T18:00:00Z,GE,161.31500231207,1,Market,Filled,161.31500231207,"" 
2024-06-13T14:00:00Z,GE,156.40586272542,1,Market,Filled,156.40586272542,"" 
2024-06-13T15:00:00Z,GE,155.5234545187,1,Market,Filled,155.5234545187,"" 
2024-06-13T17:00:00Z,GE,152.6012708665,-1,Market,Filled,-152.6012708665,"" 
2024-06-13T18:00:00Z,GE,155.61490914624,1,Market,Filled,155.61490914624,"" 
2024-06-14T14:00:00Z,GE,153.61292568893,-1,Market,Filled,-153.61292568893,"" 
2024-06-14T15:00:00Z,GE,155.5651149781,1,Market,Filled,155.5651149781,"" 
2024-06-14T17:00:00Z,GE,153.05318765942,-1,Market,Filled,-153.05318765942,"" 
2024-06-14T18:00:00Z,GE,155.74494929451,1,Market,Filled,155.74494929451,"" 
2024-06-17T14:00:00Z,GE,155.52692622365,-2,Market,Filled,-311.0538524473,"" 
2024-06-17T16:00:00Z,GE,159.11240390444,-1,Market,Filled,-159.11240390444,"" 
2024-06-20T14:00:00Z,GE,162.41211067206,-1,Market,Filled,-162.41211067206,"" 
2024-06-20T17:00:00Z,GE,164.72158799637,1,Market,Filled,164.72158799637,"" 
2024-06-20T19:00:00Z,GE,161.78318652248,-1,Market,Filled,-161.78318652248,"" 
2024-06-21T14:00:00Z,GE,162.7574957188,1,Market,Filled,162.7574957188,"" 
2024-06-24T19:00:00Z,GE,159.80267804007,1,Market,Filled,159.80267804007,"" 
2024-06-25T15:00:00Z,GE,159.10327828,-1,Market,Filled,-159.10327828,"" 
2024-06-25T19:00:00Z,GE,160.35368721142,1,Market,Filled,160.35368721142,"" 
2024-06-28T19:00:00Z,GE,158.64045041438,1,Market,Filled,158.64045041438,"" 
2024-07-01T14:00:00Z,GE,156.07743943715,-1,Market,Filled,-156.07743943715,"" 
2024-07-01T15:00:00Z,GE,156.72635068809,1,Market,Filled,156.72635068809,"" 
2024-07-01T18:00:00Z,GE,155.53843244577,-1,Market,Filled,-155.53843244577,"" 
2024-07-02T16:00:00Z,GE,159.75080084896,-1,Market,Filled,-159.75080084896,"" 
2024-07-02T17:00:00Z,GE,161.21467003902,1,Market,Filled,161.21467003902,"" 
2024-07-03T14:00:00Z,GE,159.50490494693,-1,Market,Filled,-159.50490494693,"" 
2024-07-05T15:00:00Z,GE,160.55335984183,1,Market,Filled,160.55335984183,"" 
2024-07-08T14:00:00Z,GE,160.21144650004,-1,Market,Filled,-160.21144650004,"" 
2024-07-09T15:00:00Z,GE,161.57706644001,-1,Market,Filled,-161.57706644001,"" 
2024-07-09T18:00:00Z,GE,164.73160634494,1,Market,Filled,164.73160634494,"" 
2024-07-10T16:00:00Z,GE,161.76379457054,-1,Market,Filled,-161.76379457054,"" 
2024-07-11T14:00:00Z,GE,163.73516612929,1,Market,Filled,163.73516612929,"" 
2024-07-12T14:00:00Z,GE,161.43752806527,1,Market,Filled,161.43752806527,"" 
2024-07-16T15:00:00Z,GE,158.54562101119,-1,Market,Filled,-158.54562101119,"" 
2024-07-17T14:00:00Z,GE,160.96571962198,1,Market,Filled,160.96571962198,"" 
2024-07-17T18:00:00Z,GE,157.96546106586,1,Market,Filled,157.96546106586,"" 
2024-07-18T14:00:00Z,GE,156.75516336179,-1,Market,Filled,-156.75516336179,"" 
2024-07-18T16:00:00Z,GE,157.56414816653,1,Market,Filled,157.56414816653,"" 
2024-07-19T14:00:00Z,GE,157.1578672937,-1,Market,Filled,-157.1578672937,"" 
2024-07-22T15:00:00Z,GE,159.00863614139,-1,Market,Filled,-159.00863614139,"" 
2024-07-23T14:00:00Z,GE,168.89291621699,-3,Market,Filled,-506.67874865097,"" 
2024-07-23T15:00:00Z,GE,172.25692979278,-1,Market,Filled,-172.25692979278,"" 
2024-07-23T19:00:00Z,GE,174.2824719482,1,Market,Filled,174.2824719482,"" 
2024-07-24T14:00:00Z,GE,170.93813154747,1,Market,Filled,170.93813154747,"" 
2024-07-24T16:00:00Z,GE,167.58902189218,1,Market,Filled,167.58902189218,"" 
2024-07-24T19:00:00Z,GE,164.41796440713,1,Market,Filled,164.41796440713,"" 
2024-07-25T14:00:00Z,GE,161.60380613832,-1,Market,Filled,-161.60380613832,"" 
2024-07-25T17:00:00Z,GE,165.21502607547,-1,Market,Filled,-165.21502607547,"" 
2024-07-25T18:00:00Z,GE,167.41901783901,1,Market,Filled,167.41901783901,"" 
2024-07-26T14:00:00Z,GE,167.88859069423,-2,Market,Filled,-335.77718138846,"" 
2024-07-26T15:00:00Z,GE,170.95065084069,1,Market,Filled,170.95065084069,"" 
2024-07-26T17:00:00Z,GE,168.3725706726,-1,Market,Filled,-168.3725706726,"" 
2024-07-26T19:00:00Z,GE,170.73047025517,1,Market,Filled,170.73047025517,"" 
2024-07-30T14:00:00Z,GE,170.61421967527,-1,Market,Filled,-170.61421967527,"" 
2024-07-30T16:00:00Z,GE,170.03753731139,1,Market,Filled,170.03753731139,"" 
2024-07-31T19:00:00Z,GE,168.45096529443,-1,Market,Filled,-168.45096529443,"" 
2024-08-01T16:00:00Z,GE,169.2946265542,1,Market,Filled,169.2946265542,"" 
2024-08-02T14:00:00Z,GE,164.17612345715,2,Market,Filled,328.3522469143,"" 
2024-08-02T15:00:00Z,GE,160.87550122322,1,Market,Filled,160.87550122322,"" 
2024-08-05T14:00:00Z,GE,155.904944377,2,Market,Filled,311.809888754,"" 
2024-08-05T15:00:00Z,GE,153.22303356276,-1,Market,Filled,-153.22303356276,"" 
2024-08-05T16:00:00Z,GE,156.60771390831,-1,Market,Filled,-156.60771390831,"" 
2024-08-06T14:00:00Z,GE,158.65312795773,-1,Market,Filled,-158.65312795773,"" 
2024-08-06T18:00:00Z,GE,161.50643385772,-1,Market,Filled,-161.50643385772,"" 
2024-08-07T17:00:00Z,GE,164.36788723425,1,Market,Filled,164.36788723425,"" 
2024-08-08T14:00:00Z,GE,161.7701338911,-1,Market,Filled,-161.7701338911,"" 
2024-08-13T14:00:00Z,GE,165.25238523619,-1,Market,Filled,-165.25238523619,"" 
2024-08-13T15:00:00Z,GE,167.36874194719,1,Market,Filled,167.36874194719,"" 
2024-08-13T17:00:00Z,GE,165.03851397701,-1,Market,Filled,-165.03851397701,"" 
2024-08-14T14:00:00Z,GE,167.0361858011,1,Market,Filled,167.0361858011,"" 
2024-08-14T19:00:00Z,GE,164.7131613925,-1,Market,Filled,-164.7131613925,"" 
2024-08-19T18:00:00Z,GE,168.00866661373,-1,Market,Filled,-168.00866661373,"" 
2024-08-19T19:00:00Z,GE,171.29254677696,1,Market,Filled,171.29254677696,"" 
2024-08-21T15:00:00Z,GE,168.33312496301,-1,Market,Filled,-168.33312496301,"" 
2024-08-21T16:00:00Z,GE,171.31221995202,1,Market,Filled,171.31221995202,"" 
2024-08-21T17:00:00Z,GE,168.50034695102,-1,Market,Filled,-168.50034695102,"" 
2024-08-22T18:00:00Z,GE,169.74621534535,1,Market,Filled,169.74621534535,"" 
2024-08-26T17:00:00Z,GE,168.95332677475,-1,Market,Filled,-168.95332677475,"" 
2024-08-27T14:00:00Z,GE,171.04067052051,1,Market,Filled,171.04067052051,"" 
2024-08-27T15:00:00Z,GE,168.05735275403,-1,Market,Filled,-168.05735275403,"" 
2024-08-27T16:00:00Z,GE,170.87086518628,1,Market,Filled,170.87086518628,"" 
2024-08-27T18:00:00Z,GE,168.23500748639,-1,Market,Filled,-168.23500748639,"" 
2024-08-29T15:00:00Z,GE,171.5004067882,-1,Market,Filled,-171.5004067882,"" 
2024-08-29T19:00:00Z,GE,174.34278314649,1,Market,Filled,174.34278314649,"" 
2024-09-03T15:00:00Z,GE,167.87989674061,2,Market,Filled,335.75979348121,"" 
2024-09-05T14:00:00Z,GE,164.39680084002,1,Market,Filled,164.39680084002,"" 
2024-09-05T15:00:00Z,GE,161.55521935749,-1,Market,Filled,-161.55521935749,"" 
2024-09-05T16:00:00Z,GE,163.24388322987,1,Market,Filled,163.24388322987,"" 
2024-09-06T14:00:00Z,GE,161.92950648098,-1,Market,Filled,-161.92950648098,"" 
2024-09-06T15:00:00Z,GE,163.57470058524,1,Market,Filled,163.57470058524,"" 
2024-09-09T16:00:00Z,GE,162.66744926467,-1,Market,Filled,-162.66744926467,"" 
2024-09-11T14:00:00Z,GE,164.17691833291,1,Market,Filled,164.17691833291,"" 
2024-09-11T17:00:00Z,GE,162.04769457054,-1,Market,Filled,-162.04769457054,"" 
2024-09-12T14:00:00Z,GE,164.64480207714,-1,Market,Filled,-164.64480207714,"" 
2024-09-13T14:00:00Z,GE,168.48931804985,-1,Market,Filled,-168.48931804985,"" 
2024-09-13T16:00:00Z,GE,173.47775960067,-1,Market,Filled,-173.47775960067,"" 
2024-09-13T18:00:00Z,GE,175.49416068485,-1,Market,Filled,-175.49416068485,"" 
2024-09-13T19:00:00Z,GE,178.56769685009,1,Market,Filled,178.56769685009,"" 
2024-09-16T14:00:00Z,GE,175.88747514684,-1,Market,Filled,-175.88747514684,"" 
2024-09-18T15:00:00Z,GE,179.61579021939,-1,Market,Filled,-179.61579021939,"" 
2024-09-19T14:00:00Z,GE,182.87050837818,-1,Market,Filled,-182.87050837818,"" 
2024-09-19T15:00:00Z,GE,185.93366147881,1,Market,Filled,185.93366147881,"" 
2024-09-19T17:00:00Z,GE,183.23565443043,-1,Market,Filled,-183.23565443043,"" 
2024-09-20T14:00:00Z,GE,185.42225828672,1,Market,Filled,185.42225828672,"" 
2024-09-20T15:00:00Z,GE,183.77656738511,-1,Market,Filled,-183.77656738511,"" 
2024-09-25T14:00:00Z,GE,186.80544146859,-1,Market,Filled,-186.80544146859,"" 
2024-09-25T16:00:00Z,GE,190.50976122913,1,Market,Filled,190.50976122913,"" 
2024-09-27T14:00:00Z,GE,185.67549082143,1,Market,Filled,185.67549082143,"" 
2024-09-27T15:00:00Z,GE,183.31026797965,-1,Market,Filled,-183.31026797965,"" 
2024-09-27T18:00:00Z,GE,186.30974608105,1,Market,Filled,186.30974608105,"" 
2024-09-27T19:00:00Z,GE,182.7190493375,-1,Market,Filled,-182.7190493375,"" 
2024-09-30T14:00:00Z,GE,185.76663889451,1,Market,Filled,185.76663889451,"" 
2024-09-30T17:00:00Z,GE,182.88631998253,-1,Market,Filled,-182.88631998253,"" 
2024-10-03T15:00:00Z,GE,185.94664638818,1,Market,Filled,185.94664638818,"" 
2024-10-04T14:00:00Z,GE,183.26902248151,-1,Market,Filled,-183.26902248151,"" 
2024-10-11T14:00:00Z,GE,187.4273547959,-1,Market,Filled,-187.4273547959,"" 
2024-10-14T14:00:00Z,GE,190.92406752741,-1,Market,Filled,-190.92406752741,"" 
2024-10-14T15:00:00Z,GE,194.1085782073,1,Market,Filled,194.1085782073,"" 
2024-10-17T14:00:00Z,GE,191.04248041711,-1,Market,Filled,-191.04248041711,"" 
2024-10-17T15:00:00Z,GE,194.07952227134,1,Market,Filled,194.07952227134,"" 
2024-10-22T14:00:00Z,GE,181.51571566091,3,Market,Filled,544.54714698273,"" 
2024-10-22T18:00:00Z,GE,178.22921068527,1,Market,Filled,178.22921068527,"" 
2024-10-23T14:00:00Z,GE,179.21144063,-2,Market,Filled,-358.42288126,"" 
2024-10-23T18:00:00Z,GE,181.99807404983,1,Market,Filled,181.99807404983,"" 
2024-10-23T19:00:00Z,GE,178.70982770817,-1,Market,Filled,-178.70982770817,"" 
2024-10-24T14:00:00Z,GE,182.25917944695,1,Market,Filled,182.25917944695,"" 
2024-10-28T14:00:00Z,GE,177.68640201862,1,Market,Filled,177.68640201862,"" 
2024-10-31T14:00:00Z,GE,172.43991495187,1,Market,Filled,172.43991495187,"" 
2024-11-01T15:00:00Z,GE,172.13811134308,-1,Market,Filled,-172.13811134308,"" 
2024-11-01T16:00:00Z,GE,174.07859013471,1,Market,Filled,174.07859013471,"" 
2024-11-04T15:00:00Z,GE,171.28165777867,-1,Market,Filled,-171.28165777867,"" 
2024-11-04T16:00:00Z,GE,173.79718538507,1,Market,Filled,173.79718538507,"" 
2024-11-05T18:00:00Z,GE,171.44932645022,-1,Market,Filled,-171.44932645022,"" 
2024-11-06T15:00:00Z,GE,176.11817752982,-1,Market,Filled,-176.11817752982,"" 
2024-11-06T17:00:00Z,GE,178.79828910224,-1,Market,Filled,-178.79828910224,"" 
2024-11-06T18:00:00Z,GE,181.95792312463,1,Market,Filled,181.95792312463,"" 
2024-11-07T19:00:00Z,GE,177.98775784758,1,Market,Filled,177.98775784758,"" 
2024-11-07T20:00:00Z,GE,174.90673406288,-1,Market,Filled,-174.90673406288,"" 
2024-11-08T16:00:00Z,GE,180.99479845286,-1,Market,Filled,-180.99479845286,"" 
2024-11-08T19:00:00Z,GE,182.51187653384,-1,Market,Filled,-182.51187653384,"" 
2024-11-08T20:00:00Z,GE,186.13879369071,1,Market,Filled,186.13879369071,"" 
2024-11-12T17:00:00Z,GE,181.67686664819,1,Market,Filled,181.67686664819,"" 
2024-11-12T19:00:00Z,GE,179.4482664094,-1,Market,Filled,-179.4482664094,"" 
2024-11-13T16:00:00Z,GE,183.18185467363,-1,Market,Filled,-183.18185467363,"" 
2024-11-13T17:00:00Z,GE,186.16869543302,1,Market,Filled,186.16869543302,"" 
2024-11-14T17:00:00Z,GE,181.48576416528,1,Market,Filled,181.48576416528,"" 
2024-11-15T16:00:00Z,GE,178.01790835646,1,Market,Filled,178.01790835646,"" 
2024-11-18T17:00:00Z,GE,175.30102908426,-1,Market,Filled,-175.30102908426,"" 
2024-11-19T15:00:00Z,GE,177.52500226476,1,Market,Filled,177.52500226476,"" 
2024-11-20T15:00:00Z,GE,174.90728134935,-1,Market,Filled,-174.90728134935,"" 
2024-11-20T16:00:00Z,GE,178.1092554428,1,Market,Filled,178.1092554428,"" 
2024-11-20T20:00:00Z,GE,174.91663497257,-1,Market,Filled,-174.91663497257,"" 
2024-11-22T18:00:00Z,GE,178.53220837362,-1,Market,Filled,-178.53220837362,"" 
2024-11-22T19:00:00Z,GE,181.56636453558,1,Market,Filled,181.56636453558,"" 
2024-11-25T15:00:00Z,GE,179.66499184954,-1,Market,Filled,-179.66499184954,"" 
2024-11-25T16:00:00Z,GE,181.26396388701,1,Market,Filled,181.26396388701,"" 
2024-11-25T17:00:00Z,GE,178.55210969962,-1,Market,Filled,-178.55210969962,"" 
2024-11-25T18:00:00Z,GE,181.37481427283,1,Market,Filled,181.37481427283,"" 
2024-11-26T15:00:00Z,GE,180.46263699562,-1,Market,Filled,-180.46263699562,"" 
2024-11-27T20:00:00Z,GE,182.05852432756,1,Market,Filled,182.05852432756,"" 
2024-11-29T15:00:00Z,GE,178.97381879756,-1,Market,Filled,-178.97381879756,"" 
2024-12-02T15:00:00Z,GE,180.65070452632,1,Market,Filled,180.65070452632,"" 
2024-12-03T15:00:00Z,GE,178.79764230915,-1,Market,Filled,-178.79764230915,"" 
2024-12-03T16:00:00Z,GE,181.76617384862,1,Market,Filled,181.76617384862,"" 
2024-12-04T16:00:00Z,GE,178.5424078032,-1,Market,Filled,-178.5424078032,"" 
2024-12-04T17:00:00Z,GE,182.00837298604,1,Market,Filled,182.00837298604,"" 
2024-12-04T20:00:00Z,GE,179.65563822632,-1,Market,Filled,-179.65563822632,"" 
2024-12-05T15:00:00Z,GE,178.55076636012,1,Market,Filled,178.55076636012,"" 
2024-12-05T16:00:00Z,GE,175.8073188177,1,Market,Filled,175.8073188177,"" 
2024-12-06T15:00:00Z,GE,174.29660916104,1,Market,Filled,174.29660916104,"" 
2024-12-06T20:00:00Z,GE,171.9026786565,-1,Market,Filled,-171.9026786565,"" 
2024-12-09T16:00:00Z,GE,173.97813819173,1,Market,Filled,173.97813819173,"" 
2024-12-11T16:00:00Z,GE,170.44013020876,1,Market,Filled,170.44013020876,"" 
2024-12-12T19:00:00Z,GE,167.11402159438,1,Market,Filled,167.11402159438,"" 
2024-12-13T15:00:00Z,GE,164.33624426462,-1,Market,Filled,-164.33624426462,"" 
2024-12-13T16:00:00Z,GE,167.00307170193,1,Market,Filled,167.00307170193,"" 
2024-12-16T15:00:00Z,GE,166.12019912726,-1,Market,Filled,-166.12019912726,"" 
2024-12-16T19:00:00Z,GE,167.55612955147,1,Market,Filled,167.55612955147,"" 
2024-12-18T20:00:00Z,GE,164.21917471442,1,Market,Filled,164.21917471442,"" 
2024-12-19T15:00:00Z,GE,161.08571093572,-1,Market,Filled,-161.08571093572,"" 
2024-12-19T16:00:00Z,GE,163.91796814541,1,Market,Filled,163.91796814541,"" 
2024-12-19T17:00:00Z,GE,162.23809721775,-1,Market,Filled,-162.23809721775,"" 
2024-12-20T16:00:00Z,GE,164.18773061934,-1,Market,Filled,-164.18773061934,"" 
2024-12-24T16:00:00Z,GE,167.9124627935,-1,Market,Filled,-167.9124627935,"" 
2024-12-27T17:00:00Z,GE,170.74819961218,1,Market,Filled,170.74819961218,"" 
2024-12-27T20:00:00Z,GE,167.96913613476,-1,Market,Filled,-167.96913613476,"" 
2024-12-30T15:00:00Z,GE,167.77966586002,1,Market,Filled,167.77966586002,"" 
